{"cameraMode":{"drawMode":0,"name":"Shaded","section":"Shading Mode"},"sceneLighting":true,"audioPlay":false,"sceneViewState":{"m_AlwaysRefresh":false,"showFog":true,"showSkybox":true,"showFlares":true,"showImageEffects":true,"showParticleSystems":true,"showVisualEffectGraphs":true,"m_FxEnabled":true},"in2DMode":false,"pivot":{"x":3.557438611984253,"y":-13.79285717010498,"z":28.558252334594728},"rotation":{"x":-0.2467268407344818,"y":-0.008143067359924317,"z":0.0020731694530695678,"w":-0.9690514206886292},"size":19.300125122070314,"orthographic":false}